Player,Year,Plays,EPA+CPOE composite,Adj. EPA/play,EPA/play,Success rate,Cmp%,Expected cmp%,CPOE,Air yards
S.Clifford,2023,2,0.581,0.648,0.648,50.00%,100,41.4,58.6,34
J.Brissett,2023,30,0.383,0.742,0.742,56.70%,81.8,64.2,17.7,8
B.Purdy,2023,646,0.188,0.333,0.316,54.30%,70.7,66.8,3.9,8.2
C.Wentz,2023,46,0.182,0.268,0.266,56.50%,73.9,67.2,6.7,6.7
C.Beathard,2023,68,0.162,0.171,0.171,51.50%,76.9,67.2,9.8,6.4
D.Prescott,2023,792,0.159,0.249,0.227,52.90%,70.6,66.7,3.8,7.8
J.Allen,2023,833,0.146,0.208,0.204,52.30%,70.6,66.1,4.5,8.3
K.Cousins,2023,359,0.134,0.177,0.145,48.20%,71.5,67.2,4.3,7.2
P.Mahomes,2023,899,0.132,0.179,0.165,49.50%,72.7,68.8,3.9,6.6
M.Rudolph,2023,134,0.124,0.127,0.115,47.00%,72,66.1,5.9,7.4
J.Browning,2023,304,0.121,0.15,0.136,48.40%,73.1,69.2,3.9,6.3
J.Hurts,2023,796,0.121,0.145,0.126,47.90%,70.9,66.7,4.1,8.5
J.Love,2023,740,0.12,0.183,0.177,48.00%,66.7,65.3,1.4,8.4
T.Tagovailoa,2023,683,0.12,0.156,0.131,48.60%,70.2,67.1,3.1,7.8
L.Jackson,2023,756,0.118,0.152,0.137,50.50%,69.2,66,3.2,8.7
M.White,2023,7,0.116,-1.038,-1.911,14.30%,83.3,74.5,8.8,3.8
J.Goff,2023,790,0.112,0.162,0.141,50.10%,71.1,69.7,1.3,7
N.Mullens,2023,176,0.112,0.099,0.097,44.90%,69.9,64.3,5.7,9.7
M.Willis,2023,18,0.105,-0.206,-0.313,44.40%,80,65.6,14.4,7.8
C.Stroud,2023,655,0.096,0.139,0.129,46.90%,67,66.9,0.1,9
B.Mayfield,2023,777,0.096,0.143,0.137,46.10%,66.2,66.4,-0.2,8.5
R.Wilson,2023,589,0.095,0.066,0.045,45.80%,71.6,66.7,4.9,7
M.Stafford,2023,637,0.092,0.157,0.144,47.10%,66.4,68.3,-1.9,8
G.Smith,2023,590,0.089,0.086,0.082,48.80%,68.4,66,2.4,7.2
D.Carr,2023,612,0.087,0.071,0.05,46.70%,71.7,68.7,3,8
T.Lawrence,2023,692,0.083,0.092,0.071,48.80%,67,66.1,0.9,8.2
M.Cunningham,2023,1,0.08,-1.285,-1.285,0.00%,,,0,
T.Taylor,2023,244,0.073,0.013,0.01,43.90%,70.7,66.3,4.4,8.9
J.Herbert,2023,558,0.073,0.084,0.081,46.80%,67,67.4,-0.3,7.6
J.Burrow,2023,426,0.069,0.048,0.037,47.90%,69.5,68.3,1.2,6.5
A.Dalton,2023,68,0.065,0.137,0.137,44.10%,59.6,65.2,-5.5,8.2
C.Rush,2023,27,0.064,-0.079,-0.079,51.90%,75,68.2,6.8,9
M.Mariota,2023,34,0.062,0.054,0.017,55.90%,65.2,65.6,-0.4,7.7
S.Darnold,2023,63,0.061,0.068,0.068,52.40%,63.6,65.1,-1.4,8.4
K.Murray,2023,341,0.055,0.064,0.03,44.00%,67.2,69.5,-2.3,7.2
R.Tannehill,2023,293,0.055,0.011,0.006,43.00%,67.1,66.1,1,8.1
J.Fields,2023,550,0.054,0.013,-0.009,41.30%,67,66.2,0.8,7.9
D.Watson,2023,223,0.052,0.025,-0.021,42.20%,63.6,64,-0.3,9.2
D.Lock,2023,91,0.048,0.087,0.087,36.30%,64,69.1,-5.1,8.1
J.Hall,2023,27,0.044,-0.521,-0.542,37.00%,68.4,68,0.5,7.6
T.Huntley,2023,52,0.041,0.097,0.097,42.30%,60,67.1,-7.1,6.6
J.Flacco,2023,281,0.04,0.007,-0.073,43.10%,65.4,66.8,-1.4,8.9
W.Levis,2023,313,0.04,-0.01,-0.033,42.50%,60.3,60.7,-0.4,10.7
G.Minshew II,2023,578,0.038,0.033,0.022,43.40%,65.6,68.9,-3.3,7.4
L.Woodside,2023,6,0.036,-0.722,-1.626,66.70%,75,77.9,-2.9,1.5
A.Rodgers,2023,3,0.035,-0.389,-0.389,33.30%,,,0,
A.McCarron,2023,7,0.034,-0.873,-0.873,28.60%,80,84.6,-4.6,-1.6
S.Howell,2023,758,0.03,-0.047,-0.079,43.00%,67.1,67.6,-0.4,7.2
D.Ridder,2023,482,0.029,-0.028,-0.061,47.10%,66.4,67.7,-1.3,8.3
J.Stidham,2023,83,0.028,0.011,0.011,42.20%,64.5,68.2,-3.7,8.2
D.Jones,2023,240,0.026,-0.154,-0.211,41.70%,70.6,70.3,0.3,7
N.Peterman,2023,1,0.025,-0.094,-0.094,0.00%,,,0,
A.Richardson,2023,122,0.023,0.058,0.057,43.40%,61.7,69.4,-7.7,8
T.Heinicke,2023,160,0.023,0.078,0.068,44.40%,58.3,67.4,-9.1,8.3
J.Garoppolo,2023,206,0.022,-0.043,-0.063,48.10%,66.7,68.6,-1.9,8.2
J.Dobbs,2023,555,0.02,-0.06,-0.085,42.30%,65.8,67.6,-1.8,7.8
K.Pickett,2023,392,0.019,-0.053,-0.055,42.90%,64.8,67,-2.1,7.3
B.Hoyer,2023,47,0.018,0.096,0.024,48.90%,54.8,65.9,-11.2,8.2
T.Bagent,2023,175,0.018,-0.052,-0.088,48.60%,68.1,70.5,-2.4,5.8
B.Young,2023,660,0.016,-0.139,-0.178,38.80%,66.2,67.6,-1.4,7.6
A.O'Connell,2023,386,0.015,-0.027,-0.038,42.20%,66.1,70.1,-3.9,7.8
M.Trubisky,2023,136,0.012,-0.122,-0.145,46.30%,64.4,66.7,-2.2,9.1
C.Keenum,2023,70,0.011,-0.228,-0.265,41.40%,66.7,69.6,-2.9,7.2
M.Jones,2023,402,0.011,-0.082,-0.133,44.50%,66.1,69,-2.9,7
E.Stick,2023,224,0.011,-0.027,-0.098,42.90%,65.7,70.5,-4.8,6.9
T.DeVito,2023,255,0.009,-0.19,-0.194,34.50%,67.9,70.8,-2.9,6.3
Z.Wilson,2023,464,0.008,-0.191,-0.22,38.60%,64.4,67.6,-3.1,7.4
B.Zappe,2023,258,0.005,-0.277,-0.32,32.90%,62.9,67.3,-4.4,8
T.Boyle,2023,93,-0.003,-0.258,-0.288,31.20%,64.9,70.5,-5.6,5.5
T.Hill,2023,97,-0.004,0.059,0.055,48.50%,54.5,67.2,-12.7,11.5
J.Winston,2023,52,-0.02,-0.148,-0.148,32.70%,55.6,63.6,-8,12.2
C.Tune,2023,38,-0.021,-0.947,-0.983,18.40%,57.1,72.3,-15.1,2.5
T.Siemian,2023,182,-0.021,-0.247,-0.301,36.30%,59.7,68.7,-8.9,5.7
J.Driskel,2023,35,-0.03,-0.297,-0.299,37.10%,52,63,-11,9.3
D.Thompson-Robinson,2023,136,-0.038,-0.205,-0.222,39.00%,57.1,68.8,-11.7,6
P.Walker,2023,139,-0.046,-0.187,-0.222,36.70%,51.4,64.4,-13,7.8
B.Gabbert,2023,41,-0.057,-0.237,-0.298,36.60%,52.9,68.3,-15.4,5.9
B.Rypien,2023,46,-0.073,-0.327,-0.367,28.30%,48.6,67.6,-19,8.2
D.Mills,2023,45,-0.077,-0.122,-0.122,33.30%,48.7,67,-18.3,8.1
K.Trask,2023,1,-0.15,-1.88,-1.88,0.00%,0,47,-47,3
N.Mullens,2022,29,0.273,0.404,0.404,58.60%,84,68.5,15.5,6.8
T.Taylor,2022,16,0.209,0.302,0.297,62.50%,75,65.4,9.6,12.4
T.Hill,2022,121,0.2,0.266,0.266,51.20%,72.2,62,10.2,13.9
P.Mahomes,2022,881,0.182,0.309,0.304,54.60%,71.9,67.8,4.1,7.2
B.Allen,2022,5,0.179,-0.044,-0.044,40.00%,100,73.4,26.6,3.3
T.Tagovailoa,2022,457,0.148,0.256,0.242,49.90%,66.9,65.5,1.4,9.7
J.Hurts,2022,807,0.145,0.226,0.21,48.90%,70.4,67.5,2.9,8.4
C.Streveler,2022,25,0.142,0.171,0.171,56.00%,66.7,60.4,6.3,8.7
B.Purdy,2022,280,0.134,0.226,0.225,50.40%,69.5,68.5,1,7.3
S.Darnold,2022,181,0.134,0.169,0.158,48.60%,68.9,64,4.9,9
J.Garoppolo,2022,362,0.128,0.24,0.236,51.40%,67.6,68.7,-1,6.9
J.Burrow,2022,877,0.127,0.176,0.163,51.00%,70.3,67.2,3.1,7
J.Allen,2022,844,0.126,0.2,0.184,52.30%,65.5,64.3,1.3,9.6
D.Prescott,2022,554,0.122,0.201,0.175,52.50%,67.6,67.1,0.5,8.2
G.Smith,2022,758,0.117,0.111,0.09,50.10%,72.4,66.4,5.9,7.8
J.Goff,2022,664,0.108,0.194,0.171,49.20%,68,69.5,-1.5,7.1
J.Love,2022,20,0.106,0.176,0.176,45.00%,70,70.7,-0.7,7.5
J.Brissett,2022,464,0.105,0.121,0.115,48.30%,67.2,64.3,2.9,8.7
B.Zappe,2022,112,0.102,0.071,0.065,47.30%,73.9,68.1,5.8,7.2
B.Hoyer,2022,7,0.102,-0.304,-0.304,42.90%,83.3,70.4,13,4.7
D.Jones,2022,748,0.095,0.117,0.11,49.60%,70.9,69.5,1.4,6.4
T.Lawrence,2022,790,0.094,0.125,0.115,51.80%,68,67.3,0.6,7.4
K.Cousins,2022,788,0.09,0.094,0.072,50.00%,70,68,2,7.5
L.Jackson,2022,475,0.084,0.117,0.109,49.30%,65.7,66.3,-0.6,8.5
J.Herbert,2022,847,0.08,0.086,0.068,47.00%,70,69.2,0.8,6.3
R.Tannehill,2022,402,0.08,0.089,0.072,48.00%,66.9,66.3,0.5,7.8
M.Trubisky,2022,215,0.078,0.067,0.06,46.50%,66.1,64.5,1.6,9.7
T.Bridgewater,2022,90,0.075,0.061,0.032,48.90%,65.3,63.8,1.6,9.7
J.Stidham,2022,110,0.075,0.061,0.019,50.90%,67.1,65.5,1.5,9.6
B.Gabbert,2022,8,0.073,0.027,0.027,37.50%,75,71.5,3.5,2.5
A.Dalton,2022,436,0.072,0.066,0.042,50.00%,69.2,68.6,0.6,7.9
M.Mariota,2022,416,0.072,0.084,0.073,49.50%,63.4,64.1,-0.6,10.5
T.Brady,2022,872,0.07,0.08,0.071,47.80%,68.4,68.9,-0.6,6.9
A.Rodgers,2022,624,0.069,0.059,0.039,46.60%,67.3,66.8,0.5,8.2
D.Carr,2022,575,0.069,0.109,0.092,43.10%,63.8,66.7,-2.9,9.4
K.Pickett,2022,497,0.061,0.033,0.028,45.90%,66.4,65.6,0.8,7.6
N.Sudfeld,2022,1,0.06,-0.899,-0.899,0.00%,,,0,
T.Heinicke,2022,310,0.055,0.001,-0.035,45.20%,66.3,64.6,1.7,8.6
J.Winston,2022,136,0.054,-0.019,-0.065,46.30%,65.8,63,2.7,11.6
T.Huntley,2022,205,0.053,-0.004,-0.05,43.40%,68.1,66.5,1.6,7.1
K.Murray,2022,494,0.052,0.034,0.028,44.50%,69.6,70.4,-0.8,7
G.Minshew II,2022,89,0.049,0.041,-0.002,42.70%,62.9,64.6,-1.8,10
D.Webb,2022,46,0.049,0.117,0.117,41.30%,60.5,67.5,-7,5.8
J.Fields,2022,550,0.045,0.04,0.032,45.30%,63.4,65.8,-2.5,8.9
M.Stafford,2022,348,0.041,-0.011,-0.061,47.40%,69.6,69.6,0,6.8
S.Howell,2022,29,0.04,0.064,0.013,44.80%,61.1,66,-4.9,8.8
R.Wilson,2022,626,0.04,0.006,-0.005,40.90%,64.3,65.5,-1.2,8.8
M.Ryan,2022,541,0.037,-0.024,-0.053,44.70%,70.4,70.5,-0.1,6.2
M.Jones,2022,528,0.036,-0.023,-0.031,41.30%,67.9,68.4,-0.4,8.1
D.Ridder,2022,146,0.034,-0.01,-0.028,41.80%,66.4,67.7,-1.3,8.2
C.Daniel,2022,14,0.031,0.041,0.041,35.70%,66.7,71.7,-5.1,1.4
D.Blough,2022,72,0.029,-0.095,-0.108,36.10%,67.9,67.2,0.6,8.4
C.Beathard,2022,12,0.023,-0.967,-0.967,25.00%,63.6,71,-7.4,5.2
C.McCoy,2022,167,0.023,-0.149,-0.15,39.50%,69.8,70,-0.3,6.3
J.Dobbs,2022,83,0.02,-0.067,-0.104,42.20%,61.5,63.1,-1.6,7.9
D.Watson,2022,229,0.015,-0.042,-0.061,42.40%,63.9,67.2,-3.3,7
C.Wentz,2022,336,0.01,-0.054,-0.062,41.70%,63.7,67.5,-3.8,7.9
C.Rush,2022,183,0.009,0.006,0.006,42.60%,59.9,66.7,-6.8,7.9
D.Mills,2022,565,0.007,-0.07,-0.104,38.90%,63.1,66.8,-3.8,7.7
M.White,2022,191,0.007,-0.012,-0.023,42.90%,60.9,67.1,-6.2,7.8
S.Ehlinger,2022,138,0.006,-0.185,-0.228,37.70%,64.6,68.1,-3.5,6.7
B.Rypien,2022,102,0.005,-0.18,-0.241,40.20%,60.9,64.6,-3.7,8.3
J.Driskel,2022,43,0.005,-0.257,-0.257,39.50%,73.7,78,-4.3,2.3
J.Flacco,2022,213,0.004,-0.084,-0.102,40.40%,60.4,64.5,-4.1,8
N.Foles,2022,54,-0.001,-0.576,-0.665,33.30%,61,69.2,-8.2,8.1
J.Eason,2022,5,-0.002,-0.08,-0.452,60.00%,60,65.3,-5.3,4
Z.Wilson,2022,296,-0.003,-0.073,-0.091,39.50%,59.7,65.3,-5.6,9.2
T.Siemian,2022,31,-0.004,-0.254,-0.259,35.50%,60,65.8,-5.8,6.8
N.Peterman,2022,27,-0.005,-0.195,-0.195,33.30%,60.9,66.4,-5.5,9.3
J.Wolford,2022,78,-0.007,-0.174,-0.223,43.60%,62.3,68,-5.7,8.3
B.Mayfield,2022,416,-0.014,-0.106,-0.123,36.80%,62.4,69.4,-7,6.9
J.Johnson,2022,20,-0.015,-0.357,-0.364,40.00%,61.5,70.3,-8.8,3.4
K.Allen,2022,91,-0.017,-0.363,-0.443,34.10%,61.3,70.4,-9.1,6.5
P.Walker,2022,123,-0.018,-0.124,-0.155,36.60%,60,67.6,-7.6,7.8
C.Henne,2022,9,-0.019,0.091,0.091,44.40%,55.6,73.1,-17.6,3.1
S.Thompson,2022,181,-0.021,-0.232,-0.248,33.70%,54.9,63.7,-8.7,8.7
M.Willis,2022,101,-0.022,-0.42,-0.459,33.70%,59.6,70.2,-10.6,7.1
T.McSorley,2022,103,-0.024,-0.386,-0.428,29.10%,58.4,69.1,-10.6,7.7
B.Perkins,2022,56,-0.037,-0.257,-0.291,32.10%,57.6,69.4,-11.8,5.9
T.Lance,2022,51,-0.067,-0.123,-0.137,39.20%,51.7,68.2,-16.5,7.5
K.Trask,2022,9,-0.079,-0.593,-0.593,22.20%,37.5,60,-22.5,12.1
A.Brown,2022,54,-0.079,-0.224,-0.265,29.60%,46.8,66.1,-19.3,8.5
C.Keenum,2022,8,-0.157,-0.8,-0.8,0.00%,28.6,67.2,-38.7,8.1
T.Boyle,2022,8,-0.162,-0.564,-0.564,25.00%,25,62.3,-37.3,12.6
B.Hoyer,2021,12,0.621,1.62,1.62,75.00%,81.8,67.4,14.4,8.8
N.Peterman,2021,1,0.55,1.651,1.651,100.00%,,,0,
C.Beathard,2021,4,0.498,0.729,0.729,50.00%,100,60.7,39.3,13.5
S.Ehlinger,2021,2,0.247,0.608,0.608,50.00%,,,0,
G.Minshew II,2021,76,0.171,0.292,0.28,48.70%,71.9,68.8,3.2,6.1
A.Rodgers,2021,644,0.169,0.248,0.242,51.10%,71.9,66.2,5.7,7.8
P.Mahomes,2021,935,0.155,0.247,0.235,53.90%,71.3,68.1,3.2,7.1
N.Foles,2021,44,0.148,0.242,0.242,52.30%,68.6,66.1,2.5,5.7
J.Burrow,2021,806,0.145,0.184,0.157,48.50%,72.2,66.3,5.9,7.9
M.Trubisky,2021,11,0.145,0.245,0.245,63.60%,75,73.5,1.5,5.1
M.Stafford,2021,841,0.144,0.248,0.226,51.80%,68.8,67.6,1.2,8.6
J.Johnson,2021,99,0.143,0.254,0.246,51.50%,69.5,68.9,0.6,7.5
J.Allen,2021,908,0.142,0.219,0.213,52.20%,67.6,64.7,2.9,8.5
J.Flacco,2021,46,0.141,0.18,0.14,54.30%,71.1,65.6,5.4,7.9
M.Mariota,2021,15,0.139,0.435,0.435,60.00%,50,60.4,-10.4,15.5
C.McCoy,2021,122,0.136,0.193,0.171,51.60%,75.5,72,3.5,5.2
T.Bridgewater,2021,500,0.128,0.168,0.157,49.00%,70.4,66.5,3.9,8
T.Brady,2021,886,0.126,0.201,0.188,51.10%,68.6,67.4,1.2,8
J.Herbert,2021,798,0.123,0.218,0.197,51.10%,67.4,68,-0.6,7.6
J.Winston,2021,204,0.122,0.252,0.242,50.00%,62.1,65.2,-3.1,8.6
J.Garoppolo,2021,597,0.118,0.189,0.175,49.10%,69.1,68.5,0.6,7.4
M.Jones,2021,659,0.116,0.157,0.126,49.90%,68.9,66.3,2.5,8
N.Mullens,2021,30,0.109,0.105,0.105,46.70%,69,64.2,4.7,7.3
K.Cousins,2021,637,0.108,0.151,0.137,46.00%,69.3,67.9,1.4,8
R.Tannehill,2021,683,0.107,0.137,0.116,51.70%,68.5,66.3,2.2,7.6
K.Murray,2021,664,0.102,0.113,0.093,48.30%,71.1,68.3,2.9,8
D.Carr,2021,792,0.101,0.13,0.106,47.70%,70.3,68.7,1.6,8.2
D.Prescott,2021,763,0.098,0.121,0.11,48.60%,69.1,67.5,1.6,7.8
C.Henne,2021,20,0.098,0.096,0.096,55.00%,73.3,70.1,3.3,6.9
G.Smith,2021,120,0.097,0.044,0.042,45.00%,73.9,67.3,6.5,7
R.Wilson,2021,494,0.093,0.084,0.075,45.70%,67.1,64,3.1,9.9
T.Tagovailoa,2021,466,0.085,0.081,0.062,48.50%,69.2,67.2,2,7.2
B.Gabbert,2021,14,0.085,0.121,0.121,42.90%,63.6,64.3,-0.7,8.2
L.Jackson,2021,563,0.084,0.098,0.084,49.60%,66.3,65.6,0.7,9.4
J.Hurts,2021,669,0.075,0.093,0.079,46.50%,63.7,64.3,-0.6,9
C.Rush,2021,58,0.072,0.13,0.108,44.80%,63.8,67.4,-3.6,8.9
M.White,2021,147,0.072,0.106,0.058,53.10%,67.2,69.2,-2,5.9
M.Ryan,2021,663,0.071,0.046,0.031,47.40%,69.2,67.4,1.8,7.2
C.Wentz,2021,636,0.07,0.103,0.084,46.90%,64.8,66.9,-2.1,7.8
T.Heinicke,2021,616,0.053,0.018,0.001,46.80%,66.9,66.6,0.3,7.7
B.Mayfield,2021,515,0.048,0.051,0.044,44.90%,63.3,65.9,-2.7,8.7
D.Jones,2021,465,0.048,0.022,0.012,44.90%,66.9,67.7,-0.8,7.1
G.Gilbert,2021,34,0.045,-0.012,-0.012,38.20%,66.7,65.9,0.8,6.2
C.Keenum,2021,85,0.044,0.009,-0.037,51.80%,67.1,67.8,-0.7,5.8
K.Allen,2021,23,0.042,0.048,0.048,43.50%,66.7,70.2,-3.5,7.6
T.Huntley,2021,258,0.04,-0.001,-0.022,43.80%,67,68,-0.9,7.7
T.Lance,2021,122,0.039,0.049,0.048,40.20%,59.4,63.6,-4.1,9.5
J.Goff,2021,569,0.039,-0.031,-0.048,46.20%,71.1,70.5,0.6,6.6
T.Siemian,2021,216,0.033,0.04,0.002,43.50%,61.7,66.4,-4.7,7.4
T.Taylor,2021,190,0.033,0.023,-0.007,43.20%,63.2,66.8,-3.6,7.1
B.Roethlisberger,2021,738,0.033,0,-0.019,41.70%,65.5,67.7,-2.3,6.8
D.Blough,2021,2,0.03,-0.293,-0.293,50.00%,,,0,
T.Boyle,2021,99,0.025,-0.001,-0.021,42.40%,65.6,69.1,-3.5,6.3
D.Mills,2021,470,0.025,-0.082,-0.09,43.80%,69.6,69.8,-0.2,7.3
J.Brissett,2021,278,0.025,-0.027,-0.034,44.60%,65,67.2,-2.2,7.6
D.Lock,2021,140,0.023,-0.012,-0.015,42.10%,61.5,64.7,-3.2,10.2
T.Hill,2021,213,0.02,0.041,0.019,46.90%,61.4,68.5,-7.1,7.5
I.Book,2021,32,0.015,-0.801,-0.89,25.00%,66.7,73.9,-7.3,4.2
A.Dalton,2021,275,0.014,-0.026,-0.077,43.60%,65.6,69.8,-4.2,7
J.Fields,2021,395,0.014,-0.104,-0.126,42.50%,60.9,62.9,-2,9.7
K.Mond,2021,3,0.01,-0.586,-0.586,33.30%,66.7,72.9,-6.2,0
T.Lawrence,2021,733,0.009,-0.03,-0.045,45.30%,61.7,66.6,-4.9,7.9
C.Streveler,2021,14,0.004,-0.712,-0.712,28.60%,66.7,75.2,-8.5,4.2
J.Love,2021,73,0.003,-0.042,-0.07,42.50%,60,65.5,-5.5,8.3
M.Rudolph,2021,64,0,-0.04,-0.04,45.30%,62.5,68.6,-6.1,6.3
S.Darnold,2021,503,-0.002,-0.096,-0.122,43.10%,63,67.9,-4.9,7.4
S.Mannion,2021,42,-0.004,-0.21,-0.21,35.70%,64.7,70.1,-5.4,6.3
M.Glennon,2021,191,-0.011,-0.333,-0.403,37.70%,58.4,66.3,-7.9,7.6
P.Walker,2021,81,-0.023,-0.241,-0.256,37.00%,55.4,64.6,-9.2,9.1
Z.Wilson,2021,473,-0.029,-0.139,-0.148,38.70%,58.2,67.8,-9.6,7.7
C.Newton,2021,186,-0.046,-0.145,-0.178,41.90%,55.6,68.3,-12.6,7
R.Fitzpatrick,2021,9,-0.065,-0.358,-0.358,22.20%,50,67.9,-17.9,1.5
B.Allen,2021,42,-0.07,-0.089,-0.089,31.00%,51.5,68.9,-17.4,5.3
J.Fromm,2021,75,-0.071,-0.312,-0.391,33.30%,46.6,65.1,-18.5,7.2
J.Eason,2021,5,-0.089,-0.621,-0.621,20.00%,40,64.7,-24.7,12.6
J.Rosen,2021,11,-0.153,-1.387,-1.7,18.20%,20,63.2,-43.2,11.1
J.Wolford,2021,6,-0.217,-1.232,-1.232,0.00%,25,78.4,-53.4,4.8
B.Rypien,2021,2,-0.234,-1.03,-1.03,0.00%,0,54.7,-54.7,15
A.McCarron,2020,2,0.29,-0.412,-0.625,50.00%,100,53.9,46.1,18
M.Mariota,2020,37,0.244,0.65,0.571,64.90%,65.4,68,-2.7,10.4
A.Rodgers,2020,700,0.212,0.361,0.354,55.30%,73.7,66.9,6.8,8
R.Tannehill,2020,597,0.18,0.327,0.316,55.10%,68,65.1,2.8,8.2
J.Allen,2020,879,0.173,0.256,0.247,54.90%,71.6,65.6,6,8.7
E.Stick,2020,2,0.168,-0.659,-0.659,0.00%,100,78.3,21.7,0
P.Mahomes,2020,830,0.167,0.297,0.287,54.80%,68.2,66,2.2,8.1
D.Watson,2020,698,0.165,0.228,0.219,53.40%,73,66.5,6.5,8.9
J.Winston,2020,16,0.164,0.354,0.354,56.30%,66.7,68.4,-1.7,6.6
T.Brady,2020,834,0.163,0.281,0.261,51.20%,66.6,64.1,2.5,9.4
K.Allen,2020,106,0.162,0.197,0.156,50.90%,75.9,67.9,8,6
B.Rypien,2020,49,0.158,0.183,0.139,53.10%,73,64.7,8.2,8.5
R.Fitzpatrick,2020,318,0.155,0.247,0.245,56.00%,69.3,65.9,3.4,7.7
C.Henne,2020,57,0.152,0.214,0.214,52.60%,75.6,70.5,5,5
K.Cousins,2020,610,0.15,0.216,0.188,52.80%,72,67.4,4.6,8
D.Carr,2020,608,0.139,0.214,0.173,52.00%,70.9,68.3,2.6,8.3
R.Wilson,2020,741,0.137,0.164,0.136,49.90%,70.8,65,5.8,8.7
B.Mayfield,2020,658,0.135,0.212,0.2,51.50%,67,65,2,8.3
P.Rivers,2020,642,0.133,0.231,0.219,50.20%,69.5,69.1,0.4,7.3
J.Dobbs,2020,7,0.128,-0.28,-0.28,14.30%,100,82.2,17.8,-2.8
J.Garoppolo,2020,162,0.121,0.201,0.201,50.00%,68.1,67.9,0.2,6.4
T.Boyle,2020,1,0.119,-2.061,-2.061,0.00%,,,0,
D.Prescott,2020,254,0.117,0.192,0.157,55.10%,69.3,69,0.3,7.8
L.Jackson,2020,657,0.117,0.177,0.159,47.30%,66.7,65.5,1.3,8.7
K.Murray,2020,736,0.116,0.16,0.139,50.30%,71,68.8,2.2,8
D.Brees,2020,504,0.114,0.18,0.154,50.60%,71.7,71.3,0.4,6
T.Bridgewater,2020,598,0.113,0.127,0.109,49.80%,72.5,68.5,4,7.3
J.Herbert,2020,703,0.11,0.177,0.172,48.80%,68.3,68.2,0,7.4
T.Hill,2020,236,0.107,0.069,0.047,49.60%,74.6,67.8,6.8,7
M.Ryan,2020,722,0.107,0.15,0.146,48.90%,67.5,66.3,1.2,8.5
J.Burrow,2020,485,0.106,0.136,0.122,49.10%,67.3,65.2,2.1,8.5
M.Rudolph,2020,47,0.106,0.185,0.166,36.20%,59.5,60.8,-1.3,10.3
M.Stafford,2020,619,0.105,0.18,0.152,50.60%,66.5,67.5,-1,8.9
G.Minshew II,2020,394,0.102,0.092,0.087,47.50%,69.9,65.6,4.3,8
B.Roethlisberger,2020,742,0.09,0.132,0.119,48.40%,66.2,66.7,-0.5,7.1
T.Heinicke,2020,78,0.089,0.125,0.125,44.90%,63.3,63.5,-0.1,10.7
M.Trubisky,2020,387,0.089,0.103,0.091,52.20%,68.1,66.9,1.2,8
B.Gabbert,2020,22,0.083,0.32,0.32,45.50%,56.3,70.7,-14.4,6.8
C.Beathard,2020,125,0.081,0.115,0.109,48.80%,68,69.1,-1,7.9
J.Goff,2020,681,0.08,0.083,0.052,48.90%,70.3,69.4,0.9,6.7
G.Smith,2020,9,0.077,-0.194,-0.194,44.40%,80,70.6,9.4,5
C.Newton,2020,545,0.063,0.066,0.048,48.80%,68.2,69.2,-1,7
N.Mullens,2020,365,0.059,0.08,0.023,47.70%,66.1,68.7,-2.6,6.4
L.Woodside,2020,4,0.059,0.647,0.647,50.00%,33.3,69.6,-36.3,5.7
A.Dalton,2020,398,0.057,0.041,0.021,48.50%,67.9,68.4,-0.4,6.7
T.Tagovailoa,2020,352,0.055,0.046,0.034,48.30%,66.2,67.4,-1.2,7.8
D.Blough,2020,14,0.05,-0.622,-0.622,42.90%,60,59.4,0.6,8.2
N.Foles,2020,348,0.043,-0.038,-0.051,41.70%,67.6,65.9,1.7,8.1
J.Flacco,2020,161,0.041,0.025,0.01,41.60%,59.7,62,-2.3,11
J.Wolford,2020,57,0.039,0.097,0.069,38.60%,58.1,65.6,-7.5,9.7
D.Jones,2020,577,0.035,0.007,-0.019,45.60%,64.8,67.1,-2.2,7.7
J.Lovett,2020,3,0.035,-0.385,-0.385,0.00%,,,0,
D.Lock,2020,518,0.023,0.027,-0.007,43.60%,59.6,65.2,-5.6,9
C.Daniel,2020,49,0.023,-0.279,-0.279,40.80%,70.7,71.9,-1.1,6.5
A.Smith,2020,290,0.022,-0.079,-0.094,42.80%,70.6,71.4,-0.8,5.2
B.Hoyer,2020,27,0.02,-0.241,-0.279,40.70%,65.2,66.6,-1.3,8.1
J.Hurts,2020,231,0.02,0.059,0.055,43.30%,57.5,65.8,-8.3,8.8
C.Streveler,2020,24,0.019,-0.378,-0.609,33.30%,68.8,71.6,-2.9,6.6
B.Allen,2020,173,0.017,-0.027,-0.041,48.60%,64.7,68.4,-3.6,6.8
C.McCoy,2020,78,0.016,-0.146,-0.161,33.30%,60.6,62,-1.4,8.9
S.Darnold,2020,447,0.014,-0.1,-0.12,42.30%,64.2,66.1,-1.9,7.8
C.Wentz,2020,565,0.011,-0.054,-0.075,42.50%,60.2,63.8,-3.6,8.9
T.Taylor,2020,40,0.01,-0.137,-0.137,37.50%,55.2,57.6,-2.5,11.3
M.Glennon,2020,195,0.006,-0.09,-0.104,44.10%,64.9,68.6,-3.7,8.4
P.Walker,2020,63,0.005,-0.355,-0.379,36.50%,57.1,62.2,-5.1,10.4
R.Finley,2020,51,0.003,-0.407,-0.407,33.30%,53.1,59.2,-6,10.5
R.Griffin III,2020,28,0,-0.64,-0.74,32.10%,57.1,65.7,-8.6,8.8
D.Haskins,2020,280,-0.004,-0.085,-0.112,40.00%,63.2,68.7,-5.5,6.8
J.Driskel,2020,87,-0.005,-0.076,-0.085,39.10%,56.5,62.4,-5.9,10.2
G.Gilbert,2020,43,-0.01,-0.09,-0.09,44.20%,56.8,63.2,-6.4,9.4
N.Sudfeld,2020,16,-0.015,-0.559,-0.669,18.80%,55.6,66.1,-10.6,10.4
M.Barkley,2020,22,-0.018,0.006,0.006,36.40%,52.4,64.1,-11.8,12
B.DiNucci,2020,56,-0.022,-0.333,-0.461,39.30%,56.1,66,-9.9,8.3
J.Luton,2020,122,-0.031,-0.239,-0.256,38.50%,57.1,67.7,-10.5,7.8
T.Huntley,2020,29,-0.033,-0.474,-0.474,27.60%,50,63.1,-13.1,9.9
J.Stidham,2020,56,-0.038,-0.173,-0.236,41.10%,57.9,69.3,-11.4,6.1
C.Keenum,2020,10,-0.07,-0.416,-0.416,40.00%,55.6,74.8,-19.2,3
T.McSorley,2020,15,-0.086,0.154,0.154,26.70%,33.3,67.4,-34,8.2
N.Peterman,2020,8,-0.086,-0.274,-0.274,37.50%,60,81,-21,1.8
T.Bray,2020,4,-0.151,-0.265,-0.265,25.00%,25,57.7,-32.7,10.8
J.Brissett,2020,22,-0.155,0.029,0.029,50.00%,28.6,66.7,-38.2,9.4
T.Boyle,2019,5,0.241,0.427,0.427,60.00%,75,66.5,8.5,2.5
M.Schaub,2019,70,0.23,0.41,0.409,61.40%,78.1,70.7,7.5,7.6
T.McSorley,2019,1,0.202,0.453,0.453,100.00%,,,0,
P.Mahomes,2019,737,0.18,0.336,0.333,52.80%,67.9,65.6,2.3,8.5
R.Tannehill,2019,439,0.172,0.246,0.21,53.80%,70.3,64,6.4,9.7
L.Jackson,2019,689,0.169,0.292,0.285,50.70%,67.4,64.7,2.8,9.2
T.Hill,2019,40,0.163,0.255,0.255,55.00%,57.1,52.9,4.3,20.6
R.Wilson,2019,749,0.158,0.2,0.179,50.20%,69.1,62,7.1,9.4
D.Brees,2019,448,0.15,0.193,0.187,53.30%,77.3,71.1,6.2,6.6
D.Carr,2019,581,0.142,0.178,0.154,49.40%,75.1,69.4,5.7,6.6
M.Stafford,2019,336,0.14,0.224,0.211,50.00%,65.8,63.8,2.1,10.4
K.Cousins,2019,597,0.134,0.186,0.174,47.70%,72.1,68.4,3.8,7.6
D.Prescott,2019,698,0.133,0.222,0.21,52.90%,67.4,66.4,1,9.3
A.Tanney,2019,1,0.132,-0.045,-0.045,0.00%,100,82,18,1
J.Garoppolo,2019,645,0.126,0.192,0.162,50.90%,70.1,68.3,1.8,6.6
D.Watson,2019,753,0.123,0.179,0.169,49.50%,68.8,66.7,2.1,8.7
B.Bortles,2019,4,0.122,-0.757,-0.757,0.00%,100,87.6,12.4,-3
P.Rivers,2019,679,0.12,0.148,0.114,50.80%,68.3,64.6,3.7,8.8
A.Rodgers,2019,757,0.113,0.16,0.152,46.20%,67,65.3,1.7,8.9
J.Winston,2019,752,0.098,0.137,0.097,49.10%,62.9,62.2,0.7,10.6
T.Taylor,2019,10,0.098,0.135,0.135,40.00%,66.7,66,0.7,5.3
J.McCown,2019,42,0.091,0.066,0.066,45.20%,77.8,73.6,4.2,5.5
M.Ryan,2019,729,0.091,0.1,0.072,47.70%,69.2,67.4,1.8,8.3
D.Lock,2019,189,0.084,0.12,0.104,45.00%,65.8,66.6,-0.8,6.7
C.Daniel,2019,82,0.082,0.072,0.072,48.80%,70.3,68.2,2.1,6.7
R.Fitzpatrick,2019,620,0.08,0.106,0.084,48.70%,63.1,63.6,-0.5,9.1
T.Bridgewater,2019,238,0.078,0.086,0.084,45.40%,71.1,70.7,0.4,6.2
M.Glennon,2019,12,0.076,0.015,0.015,41.70%,60,55.4,4.6,11.2
J.Goff,2019,712,0.075,0.109,0.079,46.30%,64.9,66.7,-1.8,7.9
C.Wentz,2019,744,0.074,0.092,0.083,49.10%,64.9,65.7,-0.8,8
M.Moore,2019,103,0.072,0.084,0.084,46.60%,67,67.6,-0.6,7.1
T.Brady,2019,732,0.071,0.109,0.091,43.90%,63.9,66.4,-2.5,7.8
J.Brissett,2019,555,0.064,0.103,0.084,47.60%,64.2,67.4,-3.3,7.9
D.Fales,2019,1,0.058,-0.842,-0.842,0.00%,,,0,
K.Murray,2019,708,0.056,0.056,0.039,44.60%,67.5,69,-1.5,7.4
C.Keenum,2019,287,0.054,0.044,0.017,47.40%,66.7,67.8,-1.1,6.9
J.Allen,2019,684,0.049,0.048,0.038,44.60%,62,64.3,-2.3,9.4
B.Mayfield,2019,649,0.049,0.057,0.036,44.20%,61.8,64.7,-3,8.5
S.Darnold,2019,524,0.048,-0.008,-0.021,42.90%,65.9,64.9,1,8.7
D.Hodges,2019,202,0.045,-0.043,-0.068,42.60%,69.4,67.3,2.1,7.5
M.Rudolph,2019,333,0.041,0.009,0.002,41.70%,64.2,65.5,-1.2,8.2
D.Jones,2019,573,0.039,0.015,-0.021,43.60%,63.5,65.5,-1.9,8
A.Dalton,2019,614,0.038,0.033,0.005,44.30%,62.3,65.6,-3.3,8.2
K.Allen,2019,581,0.037,-0.008,-0.037,47.30%,65.4,66.4,-1,8.4
N.Foles,2019,135,0.037,-0.064,-0.096,36.30%,70,68.5,1.5,8.1
J.Flacco,2019,314,0.037,-0.023,-0.044,43.60%,68.4,68.6,-0.2,6.8
M.Mariota,2019,220,0.032,0.013,0.013,40.50%,64.4,67.6,-3.2,7.3
R.Griffin III,2019,58,0.031,0.011,0.006,50.00%,62.2,65.3,-3.2,7.6
G.Minshew II,2019,594,0.031,0.021,0.003,42.90%,63.2,67,-3.8,7.4
J.Driskel,2019,146,0.028,-0.005,-0.007,43.20%,63.9,66.7,-2.8,8.4
M.Trubisky,2019,625,0.026,-0.022,-0.033,44.60%,64.8,67.1,-2.3,7.9
E.Manning,2019,162,0.02,-0.038,-0.052,42.60%,64.5,67.1,-2.6,8.2
L.Falk,2019,95,0.019,-0.511,-0.593,28.40%,65.3,69.3,-4,5.6
C.McCoy,2019,37,0.013,-0.543,-0.556,29.70%,66.7,72.1,-5.4,6.6
R.Griffin III,2019,4,0.002,-0.156,-0.156,50.00%,66.7,70.7,-4,4
D.Haskins,2019,258,-0.002,-0.151,-0.185,40.30%,60.7,65.4,-4.7,8.7
T.Siemian,2019,11,-0.004,-0.336,-0.336,27.30%,60,66.7,-6.7,5.8
B.Hundley,2019,18,-0.006,0.113,0.113,50.00%,45.5,62.1,-16.7,10.4
A.McCarron,2019,47,-0.01,-0.163,-0.163,42.60%,63.6,69.8,-6.2,7.8
C.Newton,2019,102,-0.012,-0.206,-0.223,40.20%,58.1,65,-6.8,9.2
W.Grier,2019,66,-0.015,-0.475,-0.523,31.80%,57.1,66.9,-9.8,9
B.Hoyer,2019,74,-0.02,-0.261,-0.385,39.20%,54.7,63.4,-8.7,8.5
B.Roethlisberger,2019,73,-0.036,-0.14,-0.14,43.80%,55.7,66.6,-10.9,9.3
J.Rosen,2019,137,-0.039,-0.315,-0.315,35.80%,53.2,65.9,-12.7,8.2
S.Mannion,2019,23,-0.045,-0.282,-0.374,47.80%,60,73.6,-13.6,3.5
J.Stidham,2019,5,-0.047,-1.334,-2.03,20.00%,50,73.5,-23.5,5.3
M.Barkley,2019,56,-0.048,-0.197,-0.218,39.30%,54,67.4,-13.4,8.1
D.Blough,2019,211,-0.051,-0.149,-0.178,37.90%,56,69.5,-13.6,8.5
B.Allen,2019,107,-0.055,-0.117,-0.123,35.50%,50.6,65,-14.3,8.1
R.Finley,2019,113,-0.057,-0.303,-0.404,36.30%,48.8,64.8,-16,8.1
G.Gilbert,2019,3,-0.333,-0.353,-0.353,33.30%,0,66.5,-66.5,9
N.Sudfeld,2018,2,0.342,1.381,1.381,50.00%,50,73.6,-23.6,4.5
K.Allen,2018,40,0.251,0.599,0.599,55.00%,64.5,63.2,1.3,7.8
M.Barkley,2018,27,0.247,0.518,0.518,51.90%,60,55.3,4.7,12.4
M.Glennon,2018,22,0.224,0.397,0.397,54.50%,71.4,64.4,7,8.4
D.Brees,2018,636,0.201,0.338,0.335,56.30%,75,69,6,7.3
P.Mahomes,2018,788,0.193,0.353,0.338,52.50%,67.5,63.8,3.7,9.3
A.McCarron,2018,6,0.185,-1.001,-1.001,16.70%,100,78.3,21.7,7
R.Fitzpatrick,2018,305,0.168,0.253,0.214,51.10%,66.9,61.7,5.2,10.4
R.Wilson,2018,588,0.166,0.221,0.198,49.10%,69.8,62.7,7.1,9.1
M.Ryan,2018,706,0.164,0.256,0.232,53.00%,70.9,66.6,4.3,8.6
P.Rivers,2018,670,0.152,0.243,0.234,50.10%,68,65,3,8.1
B.Roethlisberger,2018,757,0.146,0.247,0.236,51.50%,68.2,66.5,1.7,7.8
J.Winston,2018,477,0.131,0.199,0.168,51.20%,65.4,63.2,2.2,10.8
M.Trubisky,2018,600,0.129,0.203,0.188,50.80%,67.5,65.8,1.7,9.1
T.Brady,2018,766,0.125,0.207,0.201,53.10%,67.9,67.4,0.5,7.7
C.Wentz,2018,478,0.123,0.136,0.109,50.40%,70.5,65.4,5.1,7.9
N.Foles,2018,301,0.115,0.149,0.123,47.50%,69.7,66.8,2.9,7.4
N.Mullens,2018,316,0.113,0.156,0.126,48.40%,67.4,65.5,1.9,7.2
D.Watson,2018,757,0.113,0.136,0.13,50.20%,69.3,65.9,3.3,8.5
J.Goff,2018,774,0.109,0.174,0.159,50.10%,66.2,66.2,0,8.7
A.Luck,2018,807,0.107,0.167,0.151,50.80%,67.2,67.1,0.2,7.7
C.Newton,2018,611,0.1,0.105,0.09,50.10%,70.5,67.4,3,7.3
M.Mariota,2018,453,0.093,0.082,0.065,48.80%,71,67.6,3.4,7.6
B.Mayfield,2018,570,0.089,0.103,0.079,46.80%,65.7,64.4,1.3,9.4
A.Rodgers,2018,721,0.089,0.13,0.129,47.70%,64.7,65.3,-0.6,8.8
D.Prescott,2018,760,0.083,0.096,0.088,47.00%,68.6,67.9,0.7,7.5
D.Carr,2018,644,0.082,0.045,0.009,47.80%,72,68.2,3.8,7
A.Dalton,2018,425,0.079,0.14,0.114,49.40%,63.3,66.3,-3,8.2
E.Manning,2018,657,0.079,0.087,0.07,43.40%,67,66.6,0.5,7.3
J.Flacco,2018,431,0.071,0.111,0.105,47.80%,62.9,65.5,-2.6,8.8
K.Cousins,2018,706,0.066,0.02,-0.012,48.20%,71.8,69.2,2.6,7.2
M.Stafford,2018,649,0.063,0.082,0.053,45.10%,67.5,69.6,-2.1,6.8
C.McCoy,2018,72,0.06,0.048,0.015,47.20%,65.4,65.8,-0.4,9.2
A.Smith,2018,406,0.059,0.067,0.04,47.30%,65.1,66.8,-1.7,8.3
C.Daniel,2018,98,0.054,-0.053,-0.085,45.90%,69.7,65.6,4.2,8.5
J.Garoppolo,2018,118,0.052,0.123,0.103,53.40%,60.9,67.8,-6.9,8.8
M.Schaub,2018,8,0.041,-0.48,-0.48,37.50%,71.4,71.2,0.2,4.6
C.Keenum,2018,680,0.039,0.002,-0.009,44.10%,64.9,66.2,-1.3,7.6
C.Kessler,2018,179,0.039,-0.146,-0.169,44.10%,69.7,67,2.7,6.6
B.Osweiler,2018,209,0.037,-0.032,-0.057,41.60%,68.5,68.2,0.3,7.8
S.Mannion,2018,4,0.035,0.195,0.195,25.00%,66.7,81.6,-14.9,-3.3
J.Driskel,2018,231,0.03,0.03,0.027,41.60%,61.4,65.9,-4.5,8
G.Gilbert,2018,4,0.03,-0.089,-0.089,25.00%,66.7,66,0.7,5.7
T.Heinicke,2018,68,0.029,-0.229,-0.23,38.20%,63.6,63.3,0.4,9
S.Darnold,2018,490,0.026,0.021,-0.016,43.50%,59.8,64.4,-4.6,9.4
L.Jackson,2018,378,0.02,0.034,0.005,46.60%,59.5,66.2,-6.7,8.9
R.Tannehill,2018,355,0.019,-0.121,-0.166,41.70%,65.9,66.9,-0.9,8.2
C.Henne,2018,4,0.012,0.012,0.012,50.00%,66.7,73.4,-6.7,6
B.Bortles,2018,501,0.011,0.013,-0.006,44.30%,60.8,67.7,-6.9,7.2
J.Allen,2018,462,0.01,0.009,0.003,42.40%,55.4,62.3,-6.9,10.9
D.Anderson,2018,77,0.009,-0.407,-0.51,37.70%,60.9,65.7,-4.8,9
T.Hill,2018,51,0.008,0.172,0.156,51.00%,37.5,55.6,-18.1,15.6
J.Johnson,2018,132,0.006,-0.045,-0.069,43.90%,59.8,64.6,-4.9,9.5
C.Beathard,2018,214,-0.001,-0.023,-0.085,46.70%,61.1,68.2,-7.1,6.6
J.Brissett,2018,4,-0.006,-0.17,-0.17,25.00%,50,55.6,-5.6,20.5
S.Bradford,2018,90,-0.008,-0.344,-0.351,32.20%,62.5,69.8,-7.3,6.4
T.Bridgewater,2018,30,-0.009,-0.337,-0.351,33.30%,63.6,71.1,-7.4,6.4
J.Rosen,2018,480,-0.018,-0.238,-0.282,38.10%,58.5,66.7,-8.2,8.5
B.Gabbert,2018,116,-0.02,-0.136,-0.184,40.50%,61.6,69.7,-8,7.2
J.McCown,2018,125,-0.025,-0.25,-0.253,36.80%,57.1,66.7,-9.5,7.6
M.Sanchez,2018,43,-0.032,-0.648,-0.7,30.20%,55.9,70.3,-14.4,6.3
T.Taylor,2018,119,-0.042,-0.097,-0.11,37.00%,51.2,63.4,-12.1,10
N.Peterman,2018,107,-0.042,-0.384,-0.449,31.80%,55.7,69.6,-13.9,6.2
D.Kizer,2018,49,-0.044,-0.326,-0.377,30.60%,51.3,65,-13.7,10.5
J.Dobbs,2018,14,-0.057,-0.495,-0.495,42.90%,54.5,72.2,-17.6,5.2
R.Griffin III,2018,7,-0.08,-0.157,-0.157,42.90%,40,59,-19,10.8
B.Hoyer,2018,3,-0.104,-0.75,-0.75,33.30%,50,78.6,-28.6,2
G.Smith,2018,7,-0.105,-0.692,-0.692,42.90%,33.3,61.5,-28.2,1.3
M.Cassel,2018,21,-0.114,-0.591,-0.64,38.10%,43.8,72.7,-29,8.1
K.Lauletta,2018,5,-0.198,-1.341,-1.341,0.00%,0,51,-51,15.2
T.Heinicke,2017,3,0.211,-0.564,-0.564,33.30%,100,69.6,30.4,5
J.Garoppolo,2017,198,0.204,0.348,0.335,54.50%,68.2,62.2,6,8.9
S.Bradford,2017,50,0.202,0.262,0.262,42.00%,74.4,63.6,10.9,8.3
T.Brady,2017,833,0.167,0.278,0.264,52.80%,66.3,62.8,3.5,9.3
D.Watson,2017,279,0.161,0.277,0.223,49.80%,62.4,60.1,2.3,11.1
D.Brees,2017,674,0.146,0.206,0.192,51.00%,72.5,67.9,4.5,6.9
C.Wentz,2017,550,0.143,0.257,0.243,49.60%,60.8,60.3,0.5,10
A.Smith,2017,661,0.139,0.174,0.171,48.40%,69.8,64.4,5.4,7.8
B.Roethlisberger,2017,691,0.137,0.208,0.191,50.90%,64.9,62.1,2.7,8.9
N.Foles,2017,228,0.137,0.189,0.172,48.70%,66,61.9,4.1,8.4
P.Rivers,2017,633,0.134,0.226,0.22,49.80%,63.7,62.7,1,8.4
P.Mahomes,2017,43,0.132,0.191,0.191,53.50%,64.7,61.6,3.1,7.7
M.Ryan,2017,678,0.123,0.172,0.151,50.00%,66.3,63.4,2.8,8.6
J.Winston,2017,528,0.12,0.132,0.11,50.90%,64.8,59.9,4.9,10.7
C.Keenum,2017,668,0.118,0.158,0.144,48.80%,67.4,64.6,2.7,7.4
N.Sudfeld,2017,29,0.114,-0.362,-0.362,37.90%,86.4,71.7,14.7,4.3
A.Rodgers,2017,301,0.113,0.172,0.136,51.80%,65.8,65,0.8,7
L.Jones,2017,32,0.112,-0.071,-0.071,43.80%,82.1,66.9,15.3,7.8
J.Goff,2017,591,0.107,0.195,0.177,45.30%,62.3,63.9,-1.7,8.1
J.McCown,2017,479,0.107,0.089,0.061,46.10%,68.9,63.4,5.5,7.8
R.Wilson,2017,728,0.106,0.099,0.081,46.70%,64.7,60.1,4.6,9.9
K.Clemens,2017,8,0.091,-0.339,-1.218,50.00%,75,64.4,10.6,4.4
M.Stafford,2017,675,0.089,0.112,0.082,47.00%,66.3,65.6,0.6,8
M.Mariota,2017,649,0.085,0.098,0.069,47.00%,63.1,62.4,0.8,9.2
K.Cousins,2017,641,0.079,0.082,0.06,46.20%,65,64.1,0.8,7.7
B.Bortles,2017,725,0.076,0.135,0.123,47.60%,61.1,64.3,-3.2,7.8
R.Fitzpatrick,2017,193,0.073,0.103,0.097,47.20%,59.6,61.2,-1.6,9.1
D.Prescott,2017,621,0.069,0.071,0.031,45.90%,63.9,64.1,-0.2,8
D.Carr,2017,588,0.065,0.062,0.058,44.90%,63.3,63.6,-0.3,8.3
C.Newton,2017,737,0.064,0.086,0.065,44.90%,60.6,62.7,-2.1,8.7
J.Callahan,2017,7,0.062,-0.508,-0.508,14.30%,71.4,67.5,3.9,7.1
T.Taylor,2017,613,0.06,0.042,0.034,41.90%,62.6,62.5,0.2,8.4
C.Palmer,2017,318,0.056,0.034,0.014,45.60%,61.7,61.7,0,9.3
D.Fales,2017,51,0.051,-0.03,-0.03,43.10%,69,66.3,2.8,6.6
K.Hogan,2017,99,0.05,0.007,-0.063,46.50%,62.2,61.7,0.4,9.4
P.Lynch,2017,60,0.048,-0.22,-0.325,41.70%,66.7,62.8,3.8,8.4
J.Cutler,2017,478,0.039,-0.011,-0.035,43.50%,63.3,63.7,-0.4,8.4
M.Cassel,2017,51,0.038,-0.611,-0.767,29.40%,61,62.4,-1.4,7.8
M.Glennon,2017,162,0.034,-0.165,-0.213,38.90%,66.9,65.2,1.7,6.2
A.Dalton,2017,581,0.032,-0.012,-0.029,43.00%,62.7,64.3,-1.7,8.3
M.Moore,2017,147,0.03,-0.056,-0.131,41.50%,63.4,63.5,-0.1,8.2
J.Flacco,2017,605,0.029,-0.03,-0.056,43.00%,64.8,66,-1.2,6.8
T.Siemian,2017,430,0.028,-0.03,-0.062,41.90%,60.6,62.1,-1.5,8.7
E.Manuel,2017,50,0.021,-0.029,-0.029,42.00%,57.1,59.9,-2.8,9.6
J.Brissett,2017,599,0.012,-0.027,-0.055,41.10%,60.8,65.2,-4.5,7.5
B.Hundley,2017,398,0.008,-0.108,-0.125,43.00%,61.5,64.6,-3,7.6
E.Manning,2017,642,0.008,-0.073,-0.087,44.10%,62.1,65.7,-3.6,7.3
J.Rudock,2017,6,0.004,-0.811,-1.297,33.30%,60,69.4,-9.4,3.6
T.Savage,2017,267,0.004,-0.082,-0.126,41.90%,56.8,61,-4.2,8.9
R.Mallett,2017,20,0.003,0.008,0.008,45.00%,56.3,64.4,-8.1,8.2
B.Osweiler,2017,203,0.002,-0.03,-0.078,38.90%,57.8,64,-6.2,7.6
C.Kessler,2017,31,0,-0.52,-0.52,29.00%,50,57.5,-7.5,10
M.Trubisky,2017,424,-0.002,-0.076,-0.093,40.60%,60.1,65.5,-5.4,7.8
D.Stanton,2017,185,-0.004,-0.01,-0.016,41.10%,50.6,59,-8.3,10.7
S.Tolzien,2017,24,-0.005,-0.727,-0.945,33.30%,50,60.4,-10.4,9.2
B.Hoyer,2017,243,-0.006,-0.067,-0.093,39.50%,59.1,65.3,-6.2,7.8
S.Mannion,2017,46,-0.007,-0.283,-0.283,30.40%,59.5,66.1,-6.6,6.9
G.Smith,2017,43,-0.007,-0.184,-0.206,39.50%,60,65.8,-5.8,5.8
D.Kizer,2017,629,-0.01,-0.097,-0.119,39.00%,54.3,60.6,-6.3,9
C.Beathard,2017,274,-0.014,-0.094,-0.119,40.90%,55.7,62.8,-7.1,7.4
B.Gabbert,2017,223,-0.016,-0.165,-0.205,39.90%,56.2,63.6,-7.4,9.3
N.Peterman,2017,60,-0.026,-0.414,-0.51,40.00%,49,60.3,-11.3,8.7
T.Yates,2017,122,-0.033,-0.165,-0.171,37.70%,50.5,60.9,-10.4,10.5
A.McCarron,2017,16,-0.053,-0.103,-0.103,31.30%,50,64.2,-14.2,7.5
B.Petty,2017,133,-0.054,-0.172,-0.187,37.60%,50.5,64.8,-14.4,8.2
J.Webb,2017,14,-0.11,-0.062,-0.062,35.70%,28.6,53.9,-25.3,16
C.Rush,2017,4,-0.166,-0.697,-0.697,25.00%,33.3,72.5,-39.2,0.3
D.Anderson,2017,9,-0.177,-0.565,-0.565,11.10%,22.2,62.3,-40.1,10
C.Henne,2017,2,-0.205,-1.071,-1.071,0.00%,0,49.8,-49.8,1
T.Bray,2017,2,-0.216,-2.828,-5.143,0.00%,0,67.7,-67.7,5
T.Bridgewater,2017,2,-0.274,-2.922,-3.674,0.00%,0,79.1,-79.1,3.5
C.Daniel,2016,1,0.775,1.597,1.597,100.00%,100,56.4,43.6,5
T.Romo,2016,5,0.559,1.211,1.211,80.00%,75,50.2,24.8,15
M.Glennon,2016,11,0.343,0.552,0.552,72.70%,90.9,70.5,20.4,3.9
M.Ryan,2016,737,0.215,0.363,0.352,55.20%,71,63.9,7.1,8.8
J.Garoppolo,2016,76,0.205,0.414,0.414,52.60%,68.3,65.5,2.7,7.9
T.Brady,2016,655,0.181,0.319,0.309,51.00%,67.7,64.2,3.5,8.2
D.Prescott,2016,597,0.174,0.284,0.27,53.60%,68.1,63.8,4.3,8.4
A.Rodgers,2016,888,0.165,0.272,0.266,50.70%,66,62.6,3.4,9
K.Cousins,2016,682,0.159,0.234,0.207,53.80%,68.6,63.6,5,8.7
M.Moore,2016,134,0.149,0.201,0.185,47.80%,69.4,64.1,5.4,8.1
D.Brees,2016,737,0.146,0.21,0.18,52.10%,71.1,66.9,4.2,7.3
T.Boykin,2016,25,0.131,0.125,0.125,52.00%,72.2,64.8,7.4,5.3
B.Roethlisberger,2016,664,0.126,0.19,0.167,49.40%,65.3,63.3,2,8.7
M.Mariota,2016,558,0.116,0.173,0.132,48.90%,62.9,61.5,1.4,9.8
A.Luck,2016,676,0.112,0.165,0.135,50.10%,64.9,63.7,1.2,8.4
B.Hoyer,2016,215,0.111,0.131,0.131,48.40%,69.1,65.7,3.4,7.7
R.Wilson,2016,753,0.111,0.109,0.1,48.30%,67.1,62.1,4.9,8.8
C.Kessler,2016,237,0.111,0.111,0.108,43.50%,67,62.3,4.7,7.5
A.Dalton,2016,672,0.11,0.135,0.128,50.10%,67.2,64.3,2.8,8
M.Stafford,2016,739,0.103,0.164,0.153,50.20%,66.3,66.7,-0.4,7.5
P.Rivers,2016,656,0.1,0.146,0.112,47.40%,62.1,61.9,0.2,8.5
S.Bradford,2016,626,0.099,0.081,0.07,48.10%,71.9,67.4,4.5,6.4
D.Carr,2016,642,0.099,0.148,0.141,45.80%,64.4,64.4,0,7.8
J.Winston,2016,689,0.098,0.121,0.094,48.60%,61.6,59.9,1.7,10.3
A.Smith,2016,610,0.096,0.115,0.086,46.70%,68,66.2,1.7,6.8
T.Taylor,2016,604,0.09,0.091,0.086,43.90%,63.7,61.5,2.2,9.4
R.Tannehill,2016,470,0.082,0.023,0.007,46.00%,68.5,63.2,5.3,8
C.Palmer,2016,691,0.078,0.087,0.069,48.60%,61.8,61.4,0.4,9.5
D.Anderson,2016,58,0.072,0.008,-0.106,58.60%,67.9,63.5,4.4,8.6
T.Siemian,2016,570,0.066,0.066,0.051,46.10%,61.2,61.7,-0.5,8.6
S.Hill,2016,38,0.064,0.135,0.135,44.70%,54.3,59.7,-5.4,9.9
M.Barkley,2016,243,0.063,0.063,0.008,51.00%,60,60.9,-0.9,10.6
C.Whitehurst,2016,29,0.061,0.074,0.074,44.80%,58.3,60.2,-1.9,11
L.Jones,2016,94,0.059,0.039,0.039,41.50%,62.4,62.2,0.2,9
N.Foles,2016,62,0.056,-0.087,-0.087,37.10%,65.5,60,5.5,7.8
C.Wentz,2016,707,0.051,0.033,0.023,44.70%,63,63.9,-0.9,7.5
T.Savage,2016,93,0.043,0.002,-0.011,46.20%,63,63.5,-0.5,8.1
J.Flacco,2016,753,0.04,-0.012,-0.026,43.40%,66.3,66.4,-0.2,7.5
S.Tolzien,2016,45,0.039,-0.183,-0.193,40.00%,62.2,59.6,2.5,9.7
R.Fitzpatrick,2016,474,0.038,0.045,0.022,44.70%,56.9,61,-4.1,9.1
E.Manning,2016,704,0.036,0.007,-0.012,45.20%,62.4,64.5,-2.1,8.1
K.Hogan,2016,36,0.031,-0.005,-0.013,41.70%,60.9,63.1,-2.2,5.1
C.Kaepernick,2016,450,0.03,0.032,0.019,43.30%,59.9,64.7,-4.7,8
M.Cassel,2016,59,0.029,-0.136,-0.207,37.30%,62.5,61.6,0.9,7.6
B.Bortles,2016,758,0.027,0.021,0.001,44.90%,59.2,63.6,-4.5,8.3
P.Lynch,2016,107,0.025,-0.049,-0.049,43.00%,59.8,60.9,-1.2,11.1
R.Griffin III,2016,210,0.018,-0.045,-0.049,39.00%,59.6,62.3,-2.7,8.7
C.Newton,2016,664,0.018,0.01,-0.014,43.20%,54,59.5,-5.5,10.4
C.Keenum,2016,377,0.015,-0.033,-0.065,40.80%,61.4,65.1,-3.7,7.7
B.Osweiler,2016,661,0.013,-0.031,-0.045,46.10%,59.4,63.5,-4.1,8.6
J.Cutler,2016,169,0.011,-0.145,-0.188,38.50%,60.4,62.8,-2.4,9.3
J.Brissett,2016,81,0.009,-0.114,-0.114,35.80%,61.8,64.6,-2.8,7.5
B.Gabbert,2016,218,-0.007,-0.061,-0.066,40.80%,57.2,63.9,-6.7,8.5
J.McCown,2016,199,-0.008,-0.08,-0.121,38.20%,54.9,61.1,-6.2,10.1
B.Petty,2016,157,-0.01,-0.211,-0.235,36.30%,57.3,63.8,-6.5,8.9
M.McGloin,2016,17,-0.011,-0.325,-0.325,35.30%,57.1,64.9,-7.8,8.6
C.Jones,2016,14,-0.018,-0.453,-0.651,35.70%,54.5,64.7,-10.1,9.5
R.Mallett,2016,6,-0.027,-0.703,-0.703,33.30%,50,64.1,-14.1,10
G.Smith,2016,20,-0.028,-0.058,-0.058,40.00%,57.1,67.7,-10.5,6.9
M.Sanchez,2016,23,-0.03,-0.439,-0.492,34.80%,55.6,67.9,-12.3,1.3
J.Goff,2016,254,-0.031,-0.269,-0.316,33.90%,55.4,66.4,-10.9,6.7
D.Stanton,2016,52,-0.06,-0.246,-0.246,32.70%,42.2,58.1,-15.9,11.2
C.Cook,2016,76,-0.06,-0.375,-0.428,35.50%,48.5,65.7,-17.2,8.6
E.Manuel,2016,37,-0.065,-0.089,-0.095,40.50%,42.3,58.8,-16.5,10.8
S.Mannion,2016,8,-0.098,-0.726,-1.444,37.50%,50,77.2,-27.2,1
K.Clemens,2016,3,-0.109,-0.999,-0.999,0.00%,0,31.6,-31.6,35
D.Fales,2016,7,-0.112,-0.398,-0.398,28.60%,40,66.7,-26.7,9.8
M.Schaub,2016,3,-0.117,-0.048,-0.048,33.30%,33.3,60.4,-27,6
B.Hundley,2016,12,-0.16,-0.672,-0.672,25.00%,20,57.9,-37.9,10
M.Moore,2015,1,0.785,1.99,1.99,100.00%,100,75.3,24.7,5
K.Clemens,2015,6,0.583,1.194,1.194,83.30%,83.3,53.3,30,14
R.Nassib,2015,5,0.571,1.109,1.109,100.00%,100,67.6,32.4,8.2
C.Daniel,2015,2,0.284,0.319,0.319,50.00%,100,77.9,22.1,0
L.McCown,2015,45,0.276,0.407,0.407,57.80%,82.1,66.1,16,7.3
C.McCoy,2015,12,0.234,0.558,0.558,41.70%,63.6,63.3,0.3,8.3
S.Tolzien,2015,3,0.2,-1.192,-1.192,0.00%,100,77.4,22.6,4
A.Dalton,2015,479,0.173,0.287,0.272,52.60%,66.9,63,4,9
R.Wilson,2015,723,0.171,0.232,0.219,52.00%,69.3,62.1,7.3,8.9
C.Palmer,2015,702,0.17,0.272,0.259,52.10%,64.4,60,4.4,10.8
B.Roethlisberger,2015,612,0.157,0.224,0.218,51.30%,67.7,62.4,5.3,9.8
B.Weeden,2015,172,0.146,0.207,0.194,51.70%,69.8,65.4,4.4,7.3
R.Lindley,2015,10,0.138,0.339,0.339,50.00%,60,65.6,-5.6,8.3
K.Cousins,2015,675,0.135,0.167,0.148,48.40%,69.3,64.1,5.2,8
D.Brees,2015,708,0.127,0.191,0.172,48.00%,68.7,66.7,2,7.9
T.Brady,2015,836,0.111,0.195,0.178,47.10%,63.8,64.9,-1.1,7.9
T.Taylor,2015,541,0.109,0.131,0.131,43.30%,63.8,60.7,3,10.5
C.Newton,2015,802,0.108,0.175,0.161,49.30%,60.5,60.8,-0.3,10.4
J.Cutler,2015,568,0.106,0.134,0.095,47.90%,64.9,62.7,2.3,8.4
G.Smith,2015,49,0.104,0.129,0.129,57.10%,64.3,62,2.3,8.9
D.Anderson,2015,9,0.104,-0.417,-0.417,33.30%,66.7,54.3,12.4,11
T.Jackson,2015,7,0.103,0.194,0.194,42.90%,66.7,69.2,-2.5,3.7
P.Rivers,2015,764,0.103,0.117,0.087,47.90%,67,64.2,2.7,7.3
M.Ryan,2015,707,0.096,0.137,0.121,51.50%,66.7,66.6,0.2,7.8
J.Winston,2015,650,0.095,0.138,0.119,48.00%,59.3,59.3,0,10.1
R.Fitzpatrick,2015,651,0.094,0.157,0.15,45.90%,59.8,61.3,-1.5,9.2
S.Mannion,2015,7,0.091,-0.184,-0.184,28.60%,85.7,73.6,12.1,3.7
A.Smith,2015,714,0.09,0.122,0.112,46.90%,66.7,66.6,0.1,6.9
J.McCown,2015,358,0.089,0.111,0.087,47.50%,64.1,63.4,0.7,7.8
T.Bridgewater,2015,584,0.089,0.073,0.068,43.50%,67.3,64.1,3.2,7.1
E.Manning,2015,702,0.086,0.131,0.101,46.90%,63.4,64.7,-1.3,7.7
A.McCarron,2015,199,0.085,0.054,0.028,44.70%,66.7,62.9,3.8,8.4
M.Mariota,2015,470,0.081,0.087,0.059,46.60%,63,62.2,0.8,9.4
M.Stafford,2015,698,0.08,0.089,0.069,49.40%,68.3,67.7,0.6,6.5
A.Rodgers,2015,826,0.076,0.101,0.087,45.00%,61.3,62.3,-0.9,8.5
A.Tanney,2015,17,0.074,-0.033,-0.033,41.20%,71.4,64.3,7.1,8.8
T.Romo,2015,137,0.073,0.035,-0.021,51.10%,68.6,65.7,2.9,7.1
R.Tannehill,2015,693,0.059,0.025,0.008,42.60%,62.7,61.8,0.9,8.8
J.Webb,2015,1,0.055,-0.794,-0.794,0.00%,,,0,
B.Osweiler,2015,332,0.055,0.047,0.04,47.30%,61.8,63,-1.2,8.8
J.Flacco,2015,463,0.055,0.032,0.006,46.90%,65.2,65.4,-0.2,7.5
M.Hasselbeck,2015,298,0.053,0.059,0.032,46.60%,62.4,64.7,-2.3,7.4
B.Bortles,2015,734,0.053,0.069,0.034,45.90%,59.2,62.1,-3,9.2
S.Bradford,2015,614,0.052,0.025,0.001,45.00%,65.4,65.7,-0.3,7
C.Keenum,2015,144,0.051,0.084,0.077,49.30%,60.8,65.3,-4.5,8.1
D.Carr,2015,652,0.05,0.059,0.016,44.30%,61.5,64.3,-2.8,8
E.Manuel,2015,107,0.049,0.007,-0.04,49.50%,63.4,63.1,0.3,9.1
M.Schaub,2015,89,0.048,-0.013,-0.089,44.90%,64.9,63.7,1.3,7.1
M.Vick,2015,92,0.03,-0.3,-0.3,33.70%,62.5,62.6,-0.1,9.9
J.Manziel,2015,285,0.029,-0.008,-0.022,41.40%,59.2,61.7,-2.6,8.2
M.McGloin,2015,34,0.028,-0.103,-0.157,44.10%,71.9,71.3,0.6,5.4
B.Hoyer,2015,458,0.025,-0.006,-0.025,45.40%,59.6,62.8,-3.2,9.5
A.Luck,2015,350,0.025,0.01,-0.009,41.70%,56.8,61.1,-4.2,9.8
A.Davis,2015,122,0.023,-0.267,-0.298,41.00%,60.9,61.9,-1.1,8.5
B.Gabbert,2015,347,0.022,-0.05,-0.066,40.90%,63.3,65.1,-1.8,7.2
K.Moore,2015,114,0.019,-0.029,-0.08,46.50%,59.8,63,-3.2,8.5
Z.Mettenberger,2015,188,0.017,-0.303,-0.332,41.00%,62,64.4,-2.4,7.9
P.Manning,2015,472,0.009,-0.074,-0.1,40.70%,59.3,62.7,-3.4,9.4
C.Kaepernick,2015,322,0.008,-0.027,-0.041,41.00%,59,64.2,-5.2,7.7
L.Jones,2015,66,0.008,-0.046,-0.092,42.40%,57.6,62,-4.4,9.4
M.Sanchez,2015,107,0.005,-0.09,-0.124,42.10%,64.8,68.6,-3.8,5.9
M.Cassel,2015,247,0.003,-0.068,-0.121,43.70%,60.4,65,-4.6,8.2
J.Clausen,2015,146,0.003,-0.216,-0.27,31.50%,57.6,61.9,-4.3,8.8
R.Mallett,2015,263,0.001,-0.014,-0.022,43.00%,56.7,63.9,-7.2,8.6
N.Foles,2015,378,-0.013,-0.194,-0.222,36.50%,57.2,64.1,-6.9,8.1
D.Orlovsky,2015,42,-0.015,0.009,0.009,42.90%,56.4,67.8,-11.4,7.9
T.Yates,2015,69,-0.019,-0.015,-0.019,40.60%,50,60.8,-10.8,11.2
J.Freeman,2015,34,-0.036,-0.087,-0.097,44.10%,55.6,66.8,-11.3,7.4
C.Whitehurst,2015,39,-0.04,-0.273,-0.354,38.50%,50,62.6,-12.6,8.7
S.Renfree,2015,11,-0.043,-0.862,-0.862,9.10%,42.9,61.3,-18.4,6.7
D.Stanton,2015,29,-0.05,-0.37,-0.402,44.80%,44,59.3,-15.3,12.8
S.Hill,2015,8,-0.103,-0.829,-0.829,25.00%,28.6,57.6,-29.1,8.4
J.Garoppolo,2015,4,-0.203,-0.778,-0.778,25.00%,25,71.7,-46.7,3.3